Frequency (MHz),Amplitude Min(mW),Amplitude Max(mW)
1301.66016,3.4288e-012,3.4288e-012
1301.66775,3.88959e-012,3.88959e-012
1301.67535,3.47011e-012,3.47011e-012
1301.68294,2.83849e-012,2.83849e-012
1301.69054,3.44163e-012,3.44163e-012
1301.69813,4.15731e-012,4.15731e-012
1301.70573,4.47965e-012,4.47965e-012
1301.71332,1.74953e-012,1.74953e-012
1301.72092,2.82428e-012,2.82428e-012
1301.72852,2.28349e-012,2.28349e-012
1301.73611,3.6955e-012,3.6955e-012
1301.74371,5.54387e-012,5.54387e-012
1301.7513,3.47208e-012,3.47208e-012
1301.7589,4.41739e-012,4.41739e-012
1301.76649,4.44769e-012,4.44769e-012
1301.77409,4.17234e-012,4.17234e-012
1301.78168,3.69654e-012,3.69654e-012
1301.78928,3.5667e-012,3.5667e-012
1301.79688,3.14807e-012,3.14807e-012
1301.80447,1.91974e-012,1.91974e-012
1301.81207,2.60628e-012,2.60628e-012
1301.81966,4.81927e-012,4.81927e-012
1301.82726,5.51092e-012,5.51092e-012
1301.83485,3.07998e-012,3.07998e-012
1301.84245,2.60016e-012,2.60016e-012
1301.85004,2.69249e-012,2.69249e-012
1301.85764,2.10232e-012,2.10232e-012
1301.86523,2.95659e-012,2.95659e-012
1301.87283,3.65044e-012,3.65044e-012
1301.88043,2.55027e-012,2.55027e-012
1301.88802,4.34691e-012,4.34691e-012
1301.89562,3.65932e-012,3.65932e-012
1301.90321,5.48967e-012,5.48967e-012
1301.91081,5.9156e-012,5.9156e-012
1301.9184,4.80194e-012,4.80194e-012
1301.926,4.16461e-012,4.16461e-012
1301.93359,3.18415e-012,3.18415e-012
1301.94119,2.90512e-012,2.90512e-012
1301.94878,2.57625e-012,2.57625e-012
1301.95638,1.25256e-012,1.25256e-012
1301.96398,1.82588e-012,1.82588e-012
1301.97157,3.42898e-012,3.42898e-012
1301.97917,4.65868e-012,4.65868e-012
1301.98676,5.03947e-012,5.03947e-012
1301.99436,3.40689e-012,3.40689e-012
1302.00195,3.34463e-012,3.34463e-012
1302.00955,5.55669e-012,5.55669e-012
1302.01714,4.43586e-012,4.43586e-012
1302.02474,4.6812e-012,4.6812e-012
1302.03234,5.35356e-012,5.35356e-012
1302.03993,4.57363e-012,4.57363e-012
1302.04753,2.09572e-012,2.09572e-012
1302.05512,2.02105e-012,2.02105e-012
1302.06272,2.13718e-012,2.13718e-012
1302.07031,4.09989e-012,4.09989e-012
1302.07791,4.82427e-012,4.82427e-012
1302.0855,3.70314e-012,3.70314e-012
1302.0931,1.98514e-012,1.98514e-012
1302.10069,3.99477e-012,3.99477e-012
1302.10829,4.95547e-012,4.95547e-012
1302.11589,2.44732e-012,2.44732e-012
1302.12348,2.15581e-012,2.15581e-012
1302.13108,2.43877e-012,2.43877e-012
1302.13867,2.45797e-012,2.45797e-012
1302.14627,1.59792e-012,1.59792e-012
1302.15386,1.12777e-012,1.12777e-012
1302.16146,1.42951e-012,1.42951e-012
1302.16905,2.6322e-012,2.6322e-012
1302.17665,4.09037e-012,4.09037e-012
1302.18424,3.60416e-012,3.60416e-012
1302.19184,3.13496e-012,3.13496e-012
1302.19944,1.27841e-012,1.27841e-012
1302.20703,3.57909e-012,3.57909e-012
1302.21463,4.44765e-012,4.44765e-012
1302.22222,3.47636e-012,3.47636e-012
1302.22982,2.48649e-012,2.48649e-012
1302.23741,1.96048e-012,1.96048e-012
1302.24501,2.33836e-012,2.33836e-012
1302.2526,2.80575e-012,2.80575e-012
1302.2602,2.81236e-012,2.81236e-012
1302.2678,3.78936e-012,3.78936e-012
1302.27539,3.78517e-012,3.78517e-012
1302.28299,4.14665e-012,4.14665e-012
1302.29058,5.3858e-012,5.3858e-012
1302.29818,4.72351e-012,4.72351e-012
1302.30577,1.56736e-012,1.56736e-012
1302.31337,1.72936e-012,1.72936e-012
1302.32096,9.06691e-013,9.06691e-013
1302.32856,8.0675e-013,8.0675e-013
1302.33615,1.1508e-012,1.1508e-012
1302.34375,1.6688e-012,1.6688e-012
1302.35135,1.42797e-012,1.42797e-012
1302.35894,1.91001e-012,1.91001e-012
1302.36654,2.35193e-012,2.35193e-012
1302.37413,1.99777e-012,1.99777e-012
1302.38173,1.84345e-012,1.84345e-012
1302.38932,1.95154e-012,1.95154e-012
1302.39692,2.5569e-012,2.5569e-012
1302.40451,2.67546e-012,2.67546e-012
1302.41211,3.41514e-012,3.41514e-012
1302.41971,2.4287e-012,2.4287e-012
1302.4273,8.49867e-013,8.49867e-013
1302.4349,2.47971e-012,2.47971e-012
1302.44249,2.0534e-012,2.0534e-012
1302.45009,2.54773e-012,2.54773e-012
1302.45768,4.46872e-012,4.46872e-012
1302.46528,3.08535e-012,3.08535e-012
1302.47287,3.47482e-012,3.47482e-012
1302.48047,4.52857e-012,4.52857e-012
1302.48806,4.19447e-012,4.19447e-012
1302.49566,3.30678e-012,3.30678e-012
1302.50326,2.22789e-012,2.22789e-012
1302.51085,2.50672e-012,2.50672e-012
1302.51845,3.38762e-012,3.38762e-012
1302.52604,2.16356e-012,2.16356e-012
1302.53364,1.70928e-012,1.70928e-012
1302.54123,1.1085e-012,1.1085e-012
1302.54883,4.2027e-012,4.2027e-012
1302.55642,4.88296e-012,4.88296e-012
1302.56402,5.52172e-012,5.52172e-012
1302.57161,4.3871e-012,4.3871e-012
1302.57921,3.74712e-012,3.74712e-012
1302.58681,3.01258e-012,3.01258e-012
1302.5944,3.04268e-012,3.04268e-012
1302.602,2.21898e-012,2.21898e-012
1302.60959,1.89395e-012,1.89395e-012
1302.61719,1.22536e-012,1.22536e-012
1302.62478,1.8563e-012,1.8563e-012
1302.63238,1.1737e-012,1.1737e-012
1302.63997,2.21954e-012,2.21954e-012
1302.64757,1.353e-012,1.353e-012
1302.65517,3.59855e-012,3.59855e-012
1302.66276,3.38894e-012,3.38894e-012
1302.67036,3.32853e-012,3.32853e-012
1302.67795,3.39266e-012,3.39266e-012
1302.68555,2.31753e-012,2.31753e-012
1302.69314,2.58458e-012,2.58458e-012
1302.70074,2.20015e-012,2.20015e-012
1302.70833,1.58574e-012,1.58574e-012
1302.71593,2.35253e-012,2.35253e-012
1302.72352,2.24023e-012,2.24023e-012
1302.73112,1.04566e-012,1.04566e-012
1302.73872,1.23288e-012,1.23288e-012
1302.74631,2.9546e-012,2.9546e-012
1302.75391,4.08161e-012,4.08161e-012
1302.7615,2.66309e-012,2.66309e-012
1302.7691,6.23681e-012,6.23681e-012
1302.77669,6.62041e-012,6.62041e-012
1302.78429,6.37796e-012,6.37796e-012
1302.79188,5.41837e-012,5.41837e-012
1302.79948,4.06205e-012,4.06205e-012
1302.80707,2.32746e-012,2.32746e-012
1302.81467,4.21725e-012,4.21725e-012
1302.82227,4.15792e-012,4.15792e-012
1302.82986,3.89757e-012,3.89757e-012
1302.83746,3.11282e-012,3.11282e-012
1302.84505,2.48905e-012,2.48905e-012
1302.85265,3.79022e-012,3.79022e-012
1302.86024,2.8403e-012,2.8403e-012
1302.86784,1.58617e-012,1.58617e-012
1302.87543,3.82856e-012,3.82856e-012
1302.88303,6.23573e-012,6.23573e-012
1302.89063,4.46226e-012,4.46226e-012
1302.89822,5.16952e-012,5.16952e-012
1302.90582,3.02093e-012,3.02093e-012
1302.91341,4.22628e-012,4.22628e-012
1302.92101,3.99458e-012,3.99458e-012
1302.9286,3.07962e-012,3.07962e-012
1302.9362,2.03453e-012,2.03453e-012
1302.94379,2.49817e-012,2.49817e-012
1302.95139,2.13339e-012,2.13339e-012
1302.95898,1.28099e-012,1.28099e-012
1302.96658,1.89963e-012,1.89963e-012
1302.97418,3.79613e-012,3.79613e-012
1302.98177,4.99151e-012,4.99151e-012
1302.98937,4.61825e-012,4.61825e-012
1302.99696,4.94974e-012,4.94974e-012
1303.00456,4.15821e-012,4.15821e-012
1303.01215,2.98059e-012,2.98059e-012
1303.01975,1.61297e-012,1.61297e-012
1303.02734,1.99614e-012,1.99614e-012
1303.03494,1.34103e-012,1.34103e-012
1303.04253,1.46631e-012,1.46631e-012
1303.05013,1.48681e-012,1.48681e-012
1303.05773,2.08383e-012,2.08383e-012
1303.06532,2.39076e-012,2.39076e-012
1303.07292,3.38087e-012,3.38087e-012
1303.08051,3.85975e-012,3.85975e-012
1303.08811,3.67241e-012,3.67241e-012
1303.0957,4.1073e-012,4.1073e-012
1303.1033,1.84138e-012,1.84138e-012
1303.11089,2.93931e-012,2.93931e-012
1303.11849,3.44503e-012,3.44503e-012
1303.12609,3.96976e-012,3.96976e-012
1303.13368,2.579e-012,2.579e-012
1303.14128,1.33721e-012,1.33721e-012
1303.14887,2.43182e-012,2.43182e-012
1303.15647,3.67918e-012,3.67918e-012
1303.16406,1.40491e-012,1.40491e-012
1303.17166,3.22775e-012,3.22775e-012
1303.17925,3.12087e-012,3.12087e-012
1303.18685,3.80338e-012,3.80338e-012
1303.19444,1.20815e-012,1.20815e-012
1303.20204,1.36921e-012,1.36921e-012
1303.20964,2.0654e-012,2.0654e-012
1303.21723,2.11608e-012,2.11608e-012
1303.22483,1.52034e-012,1.52034e-012
1303.23242,2.28913e-012,2.28913e-012
1303.24002,3.0919e-012,3.0919e-012
1303.24761,4.32799e-012,4.32799e-012
1303.25521,4.37346e-012,4.37346e-012
1303.2628,4.19085e-012,4.19085e-012
1303.2704,2.79189e-012,2.79189e-012
1303.27799,1.2223e-012,1.2223e-012
1303.28559,2.3763e-012,2.3763e-012
1303.29319,2.55416e-012,2.55416e-012
1303.30078,4.665e-012,4.665e-012
1303.30838,3.70402e-012,3.70402e-012
1303.31597,3.13524e-012,3.13524e-012
1303.32357,3.48966e-012,3.48966e-012
1303.33116,3.69505e-012,3.69505e-012
1303.33876,3.40679e-012,3.40679e-012
1303.34635,3.52311e-012,3.52311e-012
1303.35395,2.80975e-012,2.80975e-012
1303.36155,2.67295e-012,2.67295e-012
1303.36914,2.78168e-012,2.78168e-012
1303.37674,2.92051e-012,2.92051e-012
1303.38433,3.4234e-012,3.4234e-012
1303.39193,5.43535e-012,5.43535e-012
1303.39952,4.27791e-012,4.27791e-012
1303.40712,2.73172e-012,2.73172e-012
1303.41471,3.27064e-012,3.27064e-012
1303.42231,2.79323e-012,2.79323e-012
1303.4299,2.16055e-012,2.16055e-012
1303.4375,2.97309e-012,2.97309e-012
1303.4451,1.98853e-012,1.98853e-012
1303.45269,3.5354e-012,3.5354e-012
1303.46029,3.92867e-012,3.92867e-012
1303.46788,4.49703e-012,4.49703e-012
1303.47548,3.76118e-012,3.76118e-012
1303.48307,3.21208e-012,3.21208e-012
1303.49067,5.10823e-012,5.10823e-012
1303.49826,5.81182e-012,5.81182e-012
1303.50586,6.41579e-012,6.41579e-012
1303.51346,1.73102e-012,1.73102e-012
1303.52105,2.31948e-012,2.31948e-012
1303.52865,2.75248e-012,2.75248e-012
1303.53624,4.23624e-012,4.23624e-012
1303.54384,3.92084e-012,3.92084e-012
1303.55143,3.07491e-012,3.07491e-012
1303.55903,2.03722e-012,2.03722e-012
1303.56662,4.08713e-012,4.08713e-012
1303.57422,2.98656e-012,2.98656e-012
1303.58181,1.83535e-012,1.83535e-012
1303.58941,1.53043e-012,1.53043e-012
1303.59701,3.11151e-012,3.11151e-012
1303.6046,6.02357e-012,6.02357e-012
1303.6122,5.33583e-012,5.33583e-012
1303.61979,3.72993e-012,3.72993e-012
1303.62739,3.38388e-012,3.38388e-012
1303.63498,2.12484e-012,2.12484e-012
1303.64258,7.47452e-013,7.47452e-013
1303.65017,1.1606e-012,1.1606e-012
1303.65777,1.78279e-012,1.78279e-012
1303.66536,9.47526e-013,9.47526e-013
1303.67296,1.89042e-012,1.89042e-012
1303.68056,2.56494e-012,2.56494e-012
1303.68815,1.76676e-012,1.76676e-012
1303.69575,1.41767e-012,1.41767e-012
1303.70334,1.58194e-012,1.58194e-012
1303.71094,1.241e-012,1.241e-012
1303.71853,1.8367e-012,1.8367e-012
1303.72613,2.41042e-012,2.41042e-012
1303.73372,2.03616e-012,2.03616e-012
1303.74132,2.46867e-012,2.46867e-012
1303.74892,3.54039e-012,3.54039e-012
1303.75651,3.28238e-012,3.28238e-012
1303.76411,2.68693e-012,2.68693e-012
1303.7717,3.88574e-012,3.88574e-012
1303.7793,4.86973e-012,4.86973e-012
1303.78689,5.49062e-012,5.49062e-012
1303.79449,2.20119e-012,2.20119e-012
1303.80208,3.78741e-012,3.78741e-012
1303.80968,1.09602e-012,1.09602e-012
1303.81727,1.94658e-012,1.94658e-012
1303.82487,2.34963e-012,2.34963e-012
1303.83247,2.35757e-012,2.35757e-012
1303.84006,2.62897e-012,2.62897e-012
1303.84766,3.30771e-012,3.30771e-012
1303.85525,3.80823e-012,3.80823e-012
1303.86285,4.73519e-012,4.73519e-012
1303.87044,5.86318e-012,5.86318e-012
1303.87804,6.77597e-012,6.77597e-012
1303.88563,6.0933e-012,6.0933e-012
1303.89323,5.43091e-012,5.43091e-012
1303.90082,6.04068e-012,6.04068e-012
1303.90842,3.67121e-012,3.67121e-012
1303.91602,3.07849e-012,3.07849e-012
1303.92361,2.43171e-012,2.43171e-012
1303.93121,1.68498e-012,1.68498e-012
1303.9388,1.41859e-012,1.41859e-012
1303.9464,1.64975e-012,1.64975e-012
1303.95399,2.13221e-012,2.13221e-012
1303.96159,2.43389e-012,2.43389e-012
1303.96918,2.61611e-012,2.61611e-012
1303.97678,1.85992e-012,1.85992e-012
1303.98438,1.3963e-012,1.3963e-012
1303.99197,2.70624e-012,2.70624e-012
1303.99957,3.20387e-012,3.20387e-012
1304.00716,5.01704e-013,5.01704e-013
1304.01476,1.16883e-012,1.16883e-012
1304.02235,2.23861e-012,2.23861e-012
1304.02995,3.09466e-012,3.09466e-012
1304.03754,2.70051e-012,2.70051e-012
1304.04514,1.85926e-012,1.85926e-012
1304.05273,1.42284e-012,1.42284e-012
1304.06033,2.34807e-012,2.34807e-012
1304.06793,2.16931e-012,2.16931e-012
1304.07552,1.24116e-012,1.24116e-012
1304.08312,2.50681e-012,2.50681e-012
1304.09071,5.03911e-012,5.03911e-012
1304.09831,6.98999e-012,6.98999e-012
1304.1059,5.59665e-012,5.59665e-012
1304.1135,6.79552e-012,6.79552e-012
1304.12109,5.42659e-012,5.42659e-012
1304.12869,3.52551e-012,3.52551e-012
1304.13628,2.8538e-012,2.8538e-012
1304.14388,1.42921e-012,1.42921e-012
1304.15148,1.29744e-012,1.29744e-012
1304.15907,1.72569e-012,1.72569e-012
1304.16667,1.56853e-012,1.56853e-012
1304.17426,2.48477e-012,2.48477e-012
1304.18186,1.88278e-012,1.88278e-012
1304.18945,3.73333e-012,3.73333e-012
1304.19705,3.11447e-012,3.11447e-012
1304.20464,3.15202e-012,3.15202e-012
1304.21224,2.79618e-012,2.79618e-012
1304.21984,2.16074e-012,2.16074e-012
1304.22743,1.80321e-012,1.80321e-012
1304.23503,2.41821e-012,2.41821e-012
1304.24262,1.92585e-012,1.92585e-012
1304.25022,1.54347e-012,1.54347e-012
1304.25781,8.41983e-013,8.41983e-013
1304.26541,8.3861e-013,8.3861e-013
1304.273,2.24297e-012,2.24297e-012
1304.2806,2.59679e-012,2.59679e-012
1304.28819,2.59055e-012,2.59055e-012
1304.29579,2.1427e-012,2.1427e-012
1304.30339,2.3758e-012,2.3758e-012
1304.31098,1.46002e-012,1.46002e-012
1304.31858,2.60874e-012,2.60874e-012
1304.32617,3.34321e-012,3.34321e-012
1304.33377,1.84459e-012,1.84459e-012
1304.34136,3.00301e-012,3.00301e-012
1304.34896,2.92857e-012,2.92857e-012
1304.35655,3.14598e-012,3.14598e-012
1304.36415,3.46112e-012,3.46112e-012
1304.37174,1.97958e-012,1.97958e-012
1304.37934,2.24144e-012,2.24144e-012
1304.38694,4.10175e-012,4.10175e-012
1304.39453,3.88135e-012,3.88135e-012
1304.40213,3.13708e-012,3.13708e-012
1304.40972,2.10476e-012,2.10476e-012
1304.41732,1.03525e-012,1.03525e-012
1304.42491,8.96164e-013,8.96164e-013
1304.43251,1.17379e-012,1.17379e-012
1304.4401,2.38969e-012,2.38969e-012
1304.4477,3.37273e-012,3.37273e-012
1304.4553,3.06393e-012,3.06393e-012
1304.46289,2.23747e-012,2.23747e-012
1304.47049,1.66743e-012,1.66743e-012
1304.47808,2.24486e-012,2.24486e-012
1304.48568,2.04032e-012,2.04032e-012
1304.49327,2.81841e-012,2.81841e-012
1304.50087,3.72902e-012,3.72902e-012
1304.50846,3.97965e-012,3.97965e-012
1304.51606,4.23859e-012,4.23859e-012
1304.52365,2.36205e-012,2.36205e-012
1304.53125,1.55543e-012,1.55543e-012
1304.53885,1.49339e-012,1.49339e-012
1304.54644,3.32935e-012,3.32935e-012
1304.55404,2.39365e-012,2.39365e-012
1304.56163,3.412e-012,3.412e-012
1304.56923,2.83438e-012,2.83438e-012
1304.57682,2.55239e-012,2.55239e-012
1304.58442,3.80386e-012,3.80386e-012
1304.59201,1.73939e-012,1.73939e-012
1304.59961,2.58244e-012,2.58244e-012
1304.6072,2.40413e-012,2.40413e-012
1304.6148,2.77649e-012,2.77649e-012
1304.6224,3.52052e-012,3.52052e-012
1304.62999,2.85208e-012,2.85208e-012
1304.63759,3.53368e-012,3.53368e-012
1304.64518,7.09907e-012,7.09907e-012
1304.65278,8.27215e-012,8.27215e-012
1304.66037,4.62883e-012,4.62883e-012
1304.66797,9.67729e-013,9.67729e-013
1304.67556,1.03955e-012,1.03955e-012
1304.68316,2.4381e-012,2.4381e-012
1304.69076,3.35847e-012,3.35847e-012
1304.69835,2.36261e-012,2.36261e-012
1304.70595,1.78255e-012,1.78255e-012
1304.71354,3.14405e-012,3.14405e-012
1304.72114,2.87247e-012,2.87247e-012
1304.72873,3.43646e-012,3.43646e-012
1304.73633,4.00657e-012,4.00657e-012
1304.74392,2.70441e-012,2.70441e-012
1304.75152,3.46787e-012,3.46787e-012
1304.75911,3.25252e-012,3.25252e-012
1304.76671,2.7366e-012,2.7366e-012
1304.77431,1.95749e-012,1.95749e-012
1304.7819,1.93181e-012,1.93181e-012
1304.7895,2.47698e-012,2.47698e-012
1304.79709,3.03267e-012,3.03267e-012
1304.80469,3.56855e-012,3.56855e-012
1304.81228,3.6382e-012,3.6382e-012
1304.81988,3.4111e-012,3.4111e-012
1304.82747,3.59545e-012,3.59545e-012
1304.83507,3.05919e-012,3.05919e-012
1304.84267,2.02485e-012,2.02485e-012
1304.85026,2.55307e-012,2.55307e-012
1304.85786,2.06199e-012,2.06199e-012
1304.86545,1.42743e-012,1.42743e-012
1304.87305,1.34451e-012,1.34451e-012
1304.88064,2.21653e-012,2.21653e-012
1304.88824,3.90422e-012,3.90422e-012
1304.89583,3.92755e-012,3.92755e-012
1304.90343,3.88525e-012,3.88525e-012
1304.91102,3.4002e-012,3.4002e-012
1304.91862,4.62293e-012,4.62293e-012
1304.92622,2.66186e-012,2.66186e-012
1304.93381,2.76434e-012,2.76434e-012
1304.94141,2.58289e-012,2.58289e-012
1304.949,2.04197e-012,2.04197e-012
1304.9566,2.45206e-012,2.45206e-012
1304.96419,2.30444e-012,2.30444e-012
1304.97179,3.62112e-012,3.62112e-012
1304.97938,4.79163e-012,4.79163e-012
1304.98698,3.57788e-012,3.57788e-012
1304.99457,2.51523e-012,2.51523e-012
1305.00217,5.75244e-012,5.75244e-012
1305.00977,2.92267e-012,2.92267e-012
1305.01736,2.52615e-012,2.52615e-012
1305.02496,3.3925e-012,3.3925e-012
1305.03255,1.0708e-012,1.0708e-012
1305.04015,1.53015e-012,1.53015e-012
1305.04774,3.48963e-012,3.48963e-012
1305.05534,5.73159e-012,5.73159e-012
1305.06293,5.24524e-012,5.24524e-012
1305.07053,4.50012e-012,4.50012e-012
1305.07813,4.75097e-012,4.75097e-012
1305.08572,2.10104e-012,2.10104e-012
1305.09332,1.43944e-012,1.43944e-012
1305.10091,1.35758e-012,1.35758e-012
1305.10851,3.869e-012,3.869e-012
1305.1161,5.55534e-012,5.55534e-012
1305.1237,3.69701e-012,3.69701e-012
1305.13129,3.7414e-012,3.7414e-012
1305.13889,2.62319e-012,2.62319e-012
1305.14648,2.64114e-012,2.64114e-012
1305.15408,2.60204e-012,2.60204e-012
1305.16168,2.45646e-012,2.45646e-012
1305.16927,2.05645e-012,2.05645e-012
1305.17687,1.75738e-012,1.75738e-012
1305.18446,1.51581e-012,1.51581e-012
1305.19206,2.49472e-012,2.49472e-012
1305.19965,1.12513e-012,1.12513e-012
1305.20725,1.24332e-012,1.24332e-012
1305.21484,2.14084e-012,2.14084e-012
1305.22244,2.71214e-012,2.71214e-012
1305.23003,4.04123e-012,4.04123e-012
1305.23763,2.87058e-012,2.87058e-012
1305.24523,3.74079e-012,3.74079e-012
1305.25282,3.52406e-012,3.52406e-012
1305.26042,2.26961e-012,2.26961e-012
1305.26801,1.52546e-012,1.52546e-012
1305.27561,2.511e-012,2.511e-012
1305.2832,2.86103e-012,2.86103e-012
1305.2908,5.87897e-012,5.87897e-012
1305.29839,5.06753e-012,5.06753e-012
1305.30599,2.12786e-012,2.12786e-012
1305.31359,5.45722e-012,5.45722e-012
1305.32118,5.32228e-012,5.32228e-012
1305.32878,3.1887e-012,3.1887e-012
1305.33637,3.45901e-012,3.45901e-012
1305.34397,2.34587e-012,2.34587e-012
1305.35156,5.20094e-012,5.20094e-012
1305.35916,5.7109e-012,5.7109e-012
1305.36675,7.89761e-012,7.89761e-012
1305.37435,8.1931e-012,8.1931e-012
1305.38194,6.08036e-012,6.08036e-012
1305.38954,4.72619e-012,4.72619e-012
1305.39714,1.79195e-012,1.79195e-012
1305.40473,1.00907e-012,1.00907e-012
1305.41233,2.05238e-012,2.05238e-012
1305.41992,1.97503e-012,1.97503e-012
1305.42752,1.83183e-012,1.83183e-012
1305.43511,3.70596e-012,3.70596e-012
1305.44271,4.35372e-012,4.35372e-012
1305.4503,4.37896e-012,4.37896e-012
1305.4579,4.21867e-012,4.21867e-012
1305.46549,2.21527e-012,2.21527e-012
1305.47309,2.73315e-012,2.73315e-012
1305.48069,3.27966e-012,3.27966e-012
1305.48828,4.41898e-012,4.41898e-012
1305.49588,3.26851e-012,3.26851e-012
1305.50347,4.76279e-012,4.76279e-012
1305.51107,2.95133e-012,2.95133e-012
1305.51866,1.3877e-012,1.3877e-012
1305.52626,1.33491e-012,1.33491e-012
1305.53385,1.90976e-012,1.90976e-012
1305.54145,2.14228e-012,2.14228e-012
1305.54905,2.10504e-012,2.10504e-012
1305.55664,1.36217e-012,1.36217e-012
1305.56424,1.99836e-012,1.99836e-012
1305.57183,1.57733e-012,1.57733e-012
1305.57943,1.88081e-012,1.88081e-012
1305.58702,3.42432e-012,3.42432e-012
1305.59462,4.19912e-012,4.19912e-012
1305.60221,3.52787e-012,3.52787e-012
1305.60981,1.81706e-012,1.81706e-012
1305.6174,1.91993e-012,1.91993e-012
1305.625,3.34391e-012,3.34391e-012
1305.6326,3.36306e-012,3.36306e-012
1305.64019,2.53927e-012,2.53927e-012
1305.64779,1.33086e-012,1.33086e-012
1305.65538,9.96671e-013,9.96671e-013
1305.66298,1.10689e-012,1.10689e-012
1305.67057,1.70114e-012,1.70114e-012
1305.67817,1.15364e-012,1.15364e-012
1305.68576,2.20055e-012,2.20055e-012
1305.69336,2.63515e-012,2.63515e-012
1305.70095,2.59734e-012,2.59734e-012
1305.70855,2.96873e-012,2.96873e-012
1305.71615,2.29164e-012,2.29164e-012
1305.72374,2.29752e-012,2.29752e-012
1305.73134,2.96825e-012,2.96825e-012
1305.73893,4.18865e-012,4.18865e-012
1305.74653,3.68331e-012,3.68331e-012
1305.75412,2.17212e-012,2.17212e-012
1305.76172,3.42518e-012,3.42518e-012
1305.76931,4.16387e-012,4.16387e-012
1305.77691,4.12277e-012,4.12277e-012
1305.78451,3.82837e-012,3.82837e-012
1305.7921,2.99323e-012,2.99323e-012
1305.7997,2.87788e-012,2.87788e-012
1305.80729,1.78523e-012,1.78523e-012
1305.81489,3.3722e-012,3.3722e-012
1305.82248,3.31574e-012,3.31574e-012
1305.83008,4.25563e-012,4.25563e-012
1305.83767,4.26258e-012,4.26258e-012
1305.84527,5.18789e-012,5.18789e-012
1305.85286,4.94592e-012,4.94592e-012
1305.86046,2.70541e-012,2.70541e-012
1305.86806,3.04905e-012,3.04905e-012
1305.87565,3.76194e-012,3.76194e-012
1305.88325,3.77656e-012,3.77656e-012
1305.89084,2.13614e-012,2.13614e-012
1305.89844,4.1239e-012,4.1239e-012
1305.90603,4.849e-012,4.849e-012
1305.91363,3.98877e-012,3.98877e-012
1305.92122,3.24327e-012,3.24327e-012
1305.92882,1.87939e-012,1.87939e-012
1305.93642,1.40802e-012,1.40802e-012
1305.94401,2.43612e-012,2.43612e-012
1305.95161,2.93316e-012,2.93316e-012
1305.9592,3.38226e-012,3.38226e-012
1305.9668,1.70959e-012,1.70959e-012
1305.97439,2.02265e-012,2.02265e-012
1305.98199,1.31363e-012,1.31363e-012
1305.98958,3.3639e-012,3.3639e-012
1305.99718,2.42777e-012,2.42777e-012
1306.00477,4.16956e-012,4.16956e-012
1306.01237,2.14484e-012,2.14484e-012
1306.01997,2.92141e-012,2.92141e-012
1306.02756,1.69891e-012,1.69891e-012
1306.03516,1.84909e-012,1.84909e-012
1306.04275,1.70674e-012,1.70674e-012
1306.05035,2.49118e-012,2.49118e-012
1306.05794,2.86661e-012,2.86661e-012
1306.06554,1.92407e-012,1.92407e-012
1306.07313,2.43014e-012,2.43014e-012
1306.08073,4.69032e-012,4.69032e-012
1306.08832,3.16406e-012,3.16406e-012
1306.09592,2.65319e-012,2.65319e-012
1306.10352,3.69234e-012,3.69234e-012
1306.11111,2.65182e-012,2.65182e-012
1306.11871,2.92066e-012,2.92066e-012
1306.1263,3.34774e-012,3.34774e-012
1306.1339,2.10314e-012,2.10314e-012
1306.14149,1.86357e-012,1.86357e-012
1306.14909,3.02331e-012,3.02331e-012
1306.15668,2.74552e-012,2.74552e-012
1306.16428,3.13182e-012,3.13182e-012
1306.17188,1.96994e-012,1.96994e-012
1306.17947,2.41533e-012,2.41533e-012
1306.18707,1.39544e-012,1.39544e-012
1306.19466,1.96629e-012,1.96629e-012
1306.20226,1.7479e-012,1.7479e-012
1306.20985,1.99776e-012,1.99776e-012
1306.21745,2.61452e-012,2.61452e-012
1306.22504,3.29451e-012,3.29451e-012
1306.23264,4.34594e-012,4.34594e-012
1306.24023,2.76282e-012,2.76282e-012
1306.24783,1.86027e-012,1.86027e-012
1306.25543,1.96085e-012,1.96085e-012
1306.26302,1.07869e-012,1.07869e-012
1306.27062,2.44441e-012,2.44441e-012
1306.27821,1.1892e-012,1.1892e-012
1306.28581,1.19314e-012,1.19314e-012
1306.2934,2.02337e-012,2.02337e-012
1306.301,3.27001e-012,3.27001e-012
1306.30859,3.02561e-012,3.02561e-012
1306.31619,1.48869e-012,1.48869e-012
1306.32378,1.40666e-012,1.40666e-012
1306.33138,1.44584e-012,1.44584e-012
1306.33898,1.33358e-012,1.33358e-012
1306.34657,2.07282e-012,2.07282e-012
1306.35417,1.88845e-012,1.88845e-012
1306.36176,3.1661e-012,3.1661e-012
1306.36936,2.13874e-012,2.13874e-012
1306.37695,2.28554e-012,2.28554e-012
1306.38455,2.87479e-012,2.87479e-012
1306.39214,3.93974e-012,3.93974e-012
1306.39974,4.03769e-012,4.03769e-012
1306.40734,4.35286e-012,4.35286e-012
1306.41493,3.24309e-012,3.24309e-012
1306.42253,3.87265e-012,3.87265e-012
1306.43012,5.2886e-012,5.2886e-012
1306.43772,3.92333e-012,3.92333e-012
1306.44531,4.52644e-012,4.52644e-012
1306.45291,4.64676e-012,4.64676e-012
1306.4605,6.00735e-012,6.00735e-012
1306.4681,5.03511e-012,5.03511e-012
1306.47569,3.68821e-012,3.68821e-012
1306.48329,3.47884e-012,3.47884e-012
1306.49089,3.67217e-012,3.67217e-012
1306.49848,4.02308e-012,4.02308e-012
1306.50608,2.30975e-012,2.30975e-012
1306.51367,1.58258e-012,1.58258e-012
1306.52127,4.7423e-012,4.7423e-012
1306.52886,2.51834e-012,2.51834e-012
1306.53646,8.68159e-013,8.68159e-013
1306.54405,2.46714e-012,2.46714e-012
1306.55165,4.22651e-012,4.22651e-012
1306.55924,2.96099e-012,2.96099e-012
1306.56684,2.25566e-012,2.25566e-012
1306.57444,2.3734e-012,2.3734e-012
1306.58203,3.25282e-012,3.25282e-012
1306.58963,4.45588e-012,4.45588e-012
1306.59722,5.14467e-012,5.14467e-012
1306.60482,4.29899e-012,4.29899e-012
1306.61241,8.86259e-012,8.86259e-012
1306.62001,7.03094e-012,7.03094e-012
1306.6276,3.46898e-012,3.46898e-012
1306.6352,3.97721e-012,3.97721e-012
1306.6428,4.53091e-012,4.53091e-012
1306.65039,2.83936e-011,2.83936e-011
1306.65799,8.64852e-011,8.64852e-011
1306.66558,9.73682e-011,9.73682e-011
1306.67318,9.03115e-011,9.03115e-011
1306.68077,4.30209e-011,4.30209e-011
1306.68837,8.86915e-012,8.86915e-012
1306.69596,7.67817e-012,7.67817e-012
1306.70356,9.40745e-012,9.40745e-012
1306.71115,7.63032e-012,7.63032e-012
1306.71875,4.72682e-012,4.72682e-012
1306.72635,5.1461e-012,5.1461e-012
1306.73394,4.7158e-012,4.7158e-012
1306.74154,2.39441e-012,2.39441e-012
1306.74913,1.77264e-012,1.77264e-012
1306.75673,1.44019e-012,1.44019e-012
1306.76432,2.01292e-012,2.01292e-012
1306.77192,2.35605e-012,2.35605e-012
1306.77951,1.93836e-012,1.93836e-012
1306.78711,1.11647e-012,1.11647e-012
1306.7947,2.92773e-012,2.92773e-012
1306.8023,4.42923e-012,4.42923e-012
1306.8099,4.47437e-012,4.47437e-012
1306.81749,5.14241e-012,5.14241e-012
1306.82509,2.13805e-012,2.13805e-012
1306.83268,2.17936e-012,2.17936e-012
1306.84028,1.29099e-012,1.29099e-012
1306.84787,2.225e-012,2.225e-012
1306.85547,1.88637e-012,1.88637e-012
1306.86306,1.98457e-012,1.98457e-012
1306.87066,2.74903e-012,2.74903e-012
1306.87826,3.53777e-012,3.53777e-012
1306.88585,5.78374e-012,5.78374e-012
1306.89345,6.357e-012,6.357e-012
1306.90104,5.54358e-012,5.54358e-012
1306.90864,3.8429e-012,3.8429e-012
1306.91623,2.50575e-012,2.50575e-012
1306.92383,1.71202e-012,1.71202e-012
1306.93142,1.55908e-012,1.55908e-012
1306.93902,1.27001e-012,1.27001e-012
1306.94661,1.5481e-012,1.5481e-012
1306.95421,1.57863e-012,1.57863e-012
1306.96181,1.28719e-012,1.28719e-012
1306.9694,4.14765e-012,4.14765e-012
1306.977,4.3488e-012,4.3488e-012
1306.98459,4.40316e-012,4.40316e-012
1306.99219,3.80378e-012,3.80378e-012
1306.99978,2.26691e-012,2.26691e-012
1307.00738,2.33795e-012,2.33795e-012
1307.01497,1.43866e-012,1.43866e-012
1307.02257,1.37104e-012,1.37104e-012
1307.03016,1.1469e-012,1.1469e-012
1307.03776,2.26054e-012,2.26054e-012
1307.04536,4.25223e-012,4.25223e-012
1307.05295,3.87269e-012,3.87269e-012
1307.06055,2.68723e-012,2.68723e-012
1307.06814,1.48601e-012,1.48601e-012
1307.07574,8.39725e-013,8.39725e-013
1307.08333,2.02487e-012,2.02487e-012
1307.09093,3.76586e-012,3.76586e-012
1307.09852,5.52923e-012,5.52923e-012
1307.10612,3.47164e-012,3.47164e-012
1307.11372,5.18043e-012,5.18043e-012
1307.12131,3.03937e-012,3.03937e-012
1307.12891,2.85954e-012,2.85954e-012
1307.1365,3.10116e-012,3.10116e-012
1307.1441,3.63288e-012,3.63288e-012
1307.15169,2.81331e-012,2.81331e-012
1307.15929,2.52421e-012,2.52421e-012
1307.16688,2.90346e-012,2.90346e-012
1307.17448,2.38336e-012,2.38336e-012
1307.18207,2.56405e-012,2.56405e-012
1307.18967,3.25418e-012,3.25418e-012
1307.19727,2.23296e-012,2.23296e-012
1307.20486,2.39244e-012,2.39244e-012
1307.21246,2.06833e-012,2.06833e-012
1307.22005,2.27369e-012,2.27369e-012
1307.22765,2.35804e-012,2.35804e-012
1307.23524,1.74694e-012,1.74694e-012
1307.24284,1.81273e-012,1.81273e-012
1307.25043,1.97072e-012,1.97072e-012
1307.25803,1.77681e-012,1.77681e-012
1307.26563,3.4641e-012,3.4641e-012
1307.27322,2.35877e-012,2.35877e-012
1307.28082,2.88364e-012,2.88364e-012
1307.28841,3.33763e-012,3.33763e-012
1307.29601,6.20857e-012,6.20857e-012
1307.3036,5.98746e-012,5.98746e-012
1307.3112,5.34108e-012,5.34108e-012
1307.31879,2.13356e-012,2.13356e-012
1307.32639,1.09981e-012,1.09981e-012
1307.33398,1.43771e-012,1.43771e-012
1307.34158,2.40959e-012,2.40959e-012
1307.34918,2.45992e-012,2.45992e-012
1307.35677,2.87856e-012,2.87856e-012
1307.36437,4.05759e-012,4.05759e-012
1307.37196,3.26749e-012,3.26749e-012
1307.37956,1.79074e-012,1.79074e-012
1307.38715,1.87346e-012,1.87346e-012
1307.39475,3.72759e-012,3.72759e-012
1307.40234,2.60201e-012,2.60201e-012
1307.40994,2.82651e-012,2.82651e-012
1307.41753,1.76371e-012,1.76371e-012
1307.42513,2.20661e-012,2.20661e-012
1307.43273,1.7546e-012,1.7546e-012
1307.44032,2.22937e-012,2.22937e-012
1307.44792,2.2652e-012,2.2652e-012
1307.45551,1.53316e-012,1.53316e-012
1307.46311,2.17103e-012,2.17103e-012
1307.4707,2.41213e-012,2.41213e-012
1307.4783,2.05638e-012,2.05638e-012
1307.48589,1.91031e-012,1.91031e-012
1307.49349,2.91044e-012,2.91044e-012
1307.50109,4.94644e-012,4.94644e-012
1307.50868,6.10209e-012,6.10209e-012
1307.51628,4.15598e-012,4.15598e-012
1307.52387,2.35668e-012,2.35668e-012
1307.53147,1.79258e-012,1.79258e-012
1307.53906,9.73635e-013,9.73635e-013
1307.54666,2.49403e-012,2.49403e-012
1307.55425,4.5106e-012,4.5106e-012
1307.56185,3.10287e-012,3.10287e-012
1307.56944,2.16183e-012,2.16183e-012
1307.57704,2.39086e-012,2.39086e-012
1307.58464,2.10481e-012,2.10481e-012
1307.59223,2.91933e-012,2.91933e-012
1307.59983,4.72258e-012,4.72258e-012
1307.60742,3.28842e-012,3.28842e-012
1307.61502,4.09122e-012,4.09122e-012
1307.62261,3.74677e-012,3.74677e-012
1307.63021,3.63751e-012,3.63751e-012
1307.6378,9.30272e-013,9.30272e-013
1307.6454,2.38644e-012,2.38644e-012
1307.65299,3.87407e-012,3.87407e-012
1307.66059,4.8322e-012,4.8322e-012
1307.66819,4.7137e-012,4.7137e-012
1307.67578,3.28146e-012,3.28146e-012
1307.68338,3.47352e-012,3.47352e-012
1307.69097,2.27733e-012,2.27733e-012
1307.69857,1.85991e-012,1.85991e-012
1307.70616,2.04199e-012,2.04199e-012
1307.71376,2.03165e-012,2.03165e-012
1307.72135,1.33043e-012,1.33043e-012
1307.72895,7.52551e-013,7.52551e-013
1307.73655,1.11885e-012,1.11885e-012
1307.74414,1.54369e-012,1.54369e-012
1307.75174,1.57427e-012,1.57427e-012
1307.75933,1.38356e-012,1.38356e-012
1307.76693,1.64993e-012,1.64993e-012
1307.77452,1.43178e-012,1.43178e-012
1307.78212,1.20933e-012,1.20933e-012
1307.78971,2.04189e-012,2.04189e-012
1307.79731,2.09451e-012,2.09451e-012
1307.8049,1.31326e-012,1.31326e-012
1307.8125,4.82012e-012,4.82012e-012
1307.8201,3.92098e-012,3.92098e-012
1307.82769,1.98414e-012,1.98414e-012
1307.83529,2.30675e-012,2.30675e-012
1307.84288,3.77575e-012,3.77575e-012
1307.85048,3.08684e-012,3.08684e-012
1307.85807,3.40463e-012,3.40463e-012
1307.86567,2.80956e-012,2.80956e-012
1307.87326,2.93667e-012,2.93667e-012
1307.88086,3.32779e-012,3.32779e-012
1307.88845,3.1031e-012,3.1031e-012
1307.89605,4.74045e-012,4.74045e-012
1307.90365,6.43576e-012,6.43576e-012
1307.91124,3.56961e-012,3.56961e-012
1307.91884,2.60267e-012,2.60267e-012
1307.92643,2.92173e-012,2.92173e-012
1307.93403,2.24271e-012,2.24271e-012
1307.94162,2.66946e-012,2.66946e-012
1307.94922,3.57114e-012,3.57114e-012
1307.95681,3.53048e-012,3.53048e-012
1307.96441,3.08056e-012,3.08056e-012
1307.97201,2.04117e-012,2.04117e-012
1307.9796,1.99881e-012,1.99881e-012
1307.9872,1.28759e-012,1.28759e-012
1307.99479,2.8226e-012,2.8226e-012
1308.00239,3.27871e-012,3.27871e-012
1308.00998,3.40494e-012,3.40494e-012
1308.01758,3.99614e-012,3.99614e-012
1308.02517,3.47779e-012,3.47779e-012
1308.03277,2.77151e-012,2.77151e-012
1308.04036,9.43183e-013,9.43183e-013
1308.04796,1.76402e-012,1.76402e-012
1308.05556,1.42975e-012,1.42975e-012
1308.06315,1.88139e-012,1.88139e-012
1308.07075,1.93849e-012,1.93849e-012
1308.07834,2.40197e-012,2.40197e-012
1308.08594,2.74246e-012,2.74246e-012
1308.09353,4.07308e-012,4.07308e-012
1308.10113,3.37887e-012,3.37887e-012
1308.10872,3.39148e-012,3.39148e-012
1308.11632,3.21222e-012,3.21222e-012
1308.12391,1.96564e-012,1.96564e-012
1308.13151,1.18807e-012,1.18807e-012
1308.13911,3.50266e-012,3.50266e-012
1308.1467,4.4855e-012,4.4855e-012
1308.1543,2.38868e-012,2.38868e-012
1308.16189,1.31845e-012,1.31845e-012
1308.16949,1.65553e-012,1.65553e-012
1308.17708,2.54634e-012,2.54634e-012
1308.18468,2.82996e-012,2.82996e-012
1308.19227,2.42362e-012,2.42362e-012
1308.19987,1.40712e-012,1.40712e-012
1308.20747,2.32051e-012,2.32051e-012
1308.21506,3.41513e-012,3.41513e-012
1308.22266,3.75134e-012,3.75134e-012
1308.23025,2.95496e-012,2.95496e-012
1308.23785,2.41014e-012,2.41014e-012
1308.24544,1.95177e-012,1.95177e-012
1308.25304,1.95687e-012,1.95687e-012
1308.26063,1.63334e-012,1.63334e-012
1308.26823,2.16416e-012,2.16416e-012
1308.27582,3.63236e-012,3.63236e-012
1308.28342,2.91045e-012,2.91045e-012
1308.29102,2.90458e-012,2.90458e-012
1308.29861,4.87377e-012,4.87377e-012
1308.30621,3.97818e-012,3.97818e-012
1308.3138,2.57786e-012,2.57786e-012
1308.3214,1.39447e-012,1.39447e-012
1308.32899,1.31395e-012,1.31395e-012
1308.33659,1.17248e-012,1.17248e-012
1308.34418,1.54955e-012,1.54955e-012
1308.35178,2.84956e-012,2.84956e-012
1308.35938,3.56025e-012,3.56025e-012
1308.36697,3.8305e-012,3.8305e-012
1308.37457,3.01399e-012,3.01399e-012
1308.38216,4.50204e-012,4.50204e-012
1308.38976,4.22788e-012,4.22788e-012
1308.39735,3.12256e-012,3.12256e-012
1308.40495,3.74478e-012,3.74478e-012
1308.41254,5.0268e-012,5.0268e-012
1308.42014,1.47758e-012,1.47758e-012
1308.42773,4.19112e-012,4.19112e-012
1308.43533,5.15692e-012,5.15692e-012
1308.44293,2.93156e-012,2.93156e-012
1308.45052,3.82304e-012,3.82304e-012
1308.45812,4.6104e-012,4.6104e-012
1308.46571,6.25764e-012,6.25764e-012
1308.47331,4.64672e-012,4.64672e-012
1308.4809,3.48698e-012,3.48698e-012
1308.4885,5.19317e-012,5.19317e-012
1308.49609,3.82963e-012,3.82963e-012
1308.50369,3.93299e-012,3.93299e-012
1308.51128,3.85096e-012,3.85096e-012
1308.51888,2.82008e-012,2.82008e-012
1308.52648,1.15998e-012,1.15998e-012
1308.53407,2.36476e-012,2.36476e-012
1308.54167,1.24411e-012,1.24411e-012
1308.54926,2.07848e-012,2.07848e-012
1308.55686,2.009e-012,2.009e-012
1308.56445,3.29856e-012,3.29856e-012
1308.57205,1.8904e-012,1.8904e-012
1308.57964,2.42359e-012,2.42359e-012
1308.58724,2.52995e-012,2.52995e-012
1308.59484,3.33343e-012,3.33343e-012
1308.60243,5.8808e-012,5.8808e-012
1308.61003,5.12567e-012,5.12567e-012
1308.61762,3.05964e-012,3.05964e-012
1308.62522,2.03845e-012,2.03845e-012
1308.63281,2.75627e-012,2.75627e-012
1308.64041,3.10721e-012,3.10721e-012
1308.648,3.39435e-012,3.39435e-012
1308.6556,2.14302e-012,2.14302e-012
1308.66319,2.98947e-012,2.98947e-012
1308.67079,1.72187e-012,1.72187e-012
1308.67839,2.98359e-012,2.98359e-012
1308.68598,3.22262e-012,3.22262e-012
1308.69358,3.10342e-012,3.10342e-012
1308.70117,5.06996e-012,5.06996e-012
1308.70877,3.54679e-012,3.54679e-012
1308.71636,2.78202e-012,2.78202e-012
1308.72396,2.61806e-012,2.61806e-012
1308.73155,3.25938e-012,3.25938e-012
1308.73915,3.88623e-012,3.88623e-012
1308.74674,2.24688e-012,2.24688e-012
1308.75434,3.62708e-012,3.62708e-012
1308.76194,3.47195e-012,3.47195e-012
1308.76953,2.18429e-012,2.18429e-012
1308.77713,1.29887e-012,1.29887e-012
1308.78472,3.62046e-012,3.62046e-012
1308.79232,7.36047e-012,7.36047e-012
1308.79991,7.12006e-012,7.12006e-012
1308.80751,6.11751e-012,6.11751e-012
1308.8151,4.7564e-012,4.7564e-012
1308.8227,3.42368e-012,3.42368e-012
1308.8303,1.81188e-012,1.81188e-012
1308.83789,1.17503e-012,1.17503e-012
1308.84549,3.09841e-012,3.09841e-012
1308.85308,3.30648e-012,3.30648e-012
1308.86068,3.97799e-012,3.97799e-012
1308.86827,4.91385e-012,4.91385e-012
1308.87587,4.249e-012,4.249e-012
1308.88346,2.57049e-012,2.57049e-012
1308.89106,3.15506e-012,3.15506e-012
1308.89865,5.92991e-012,5.92991e-012
1308.90625,6.17763e-012,6.17763e-012
1308.91385,4.11114e-012,4.11114e-012
1308.92144,1.69042e-012,1.69042e-012
1308.92904,1.26175e-012,1.26175e-012
1308.93663,1.57065e-012,1.57065e-012
1308.94423,2.07576e-012,2.07576e-012
1308.95182,3.18689e-012,3.18689e-012
1308.95942,1.87818e-012,1.87818e-012
1308.96701,2.1034e-012,2.1034e-012
1308.97461,3.03657e-012,3.03657e-012
1308.9822,3.18412e-012,3.18412e-012
1308.9898,3.25007e-012,3.25007e-012
1308.9974,2.54763e-012,2.54763e-012
1309.00499,1.7776e-012,1.7776e-012
1309.01259,1.04255e-012,1.04255e-012
1309.02018,1.74651e-012,1.74651e-012
1309.02778,2.87921e-012,2.87921e-012
1309.03537,3.72837e-012,3.72837e-012
1309.04297,3.80393e-012,3.80393e-012
1309.05056,2.28518e-012,2.28518e-012
1309.05816,1.59123e-012,1.59123e-012
1309.06576,2.30716e-012,2.30716e-012
1309.07335,2.06011e-012,2.06011e-012
1309.08095,1.24354e-012,1.24354e-012
1309.08854,2.85515e-012,2.85515e-012
1309.09614,3.748e-012,3.748e-012
1309.10373,5.94233e-012,5.94233e-012
1309.11133,4.8885e-012,4.8885e-012
1309.11892,1.97014e-012,1.97014e-012
1309.12652,1.43232e-012,1.43232e-012
1309.13411,1.83387e-012,1.83387e-012
1309.14171,1.956e-012,1.956e-012
1309.14931,1.58417e-012,1.58417e-012
1309.1569,2.44239e-012,2.44239e-012
1309.1645,2.08585e-012,2.08585e-012
1309.17209,2.94137e-012,2.94137e-012
1309.17969,2.71854e-012,2.71854e-012
1309.18728,1.85245e-012,1.85245e-012
1309.19488,1.69342e-012,1.69342e-012
1309.20247,1.78189e-012,1.78189e-012
1309.21007,8.36748e-013,8.36748e-013
1309.21766,1.45234e-012,1.45234e-012
1309.22526,2.64807e-012,2.64807e-012
1309.23286,3.27928e-012,3.27928e-012
1309.24045,2.69834e-012,2.69834e-012
1309.24805,3.57272e-012,3.57272e-012
1309.25564,3.217e-012,3.217e-012
1309.26324,3.12585e-012,3.12585e-012
1309.27083,2.05449e-012,2.05449e-012
1309.27843,3.37214e-012,3.37214e-012
1309.28602,3.06741e-012,3.06741e-012
1309.29362,8.10405e-012,8.10405e-012
1309.30122,6.87781e-012,6.87781e-012
1309.30881,6.72252e-012,6.72252e-012
1309.31641,4.99871e-012,4.99871e-012
1309.324,4.78884e-012,4.78884e-012
1309.3316,2.78978e-012,2.78978e-012
1309.33919,1.54562e-012,1.54562e-012
1309.34679,1.1125e-012,1.1125e-012
1309.35438,2.04255e-012,2.04255e-012
1309.36198,8.79716e-013,8.79716e-013
1309.36957,3.36426e-012,3.36426e-012
1309.37717,3.1153e-012,3.1153e-012
1309.38477,1.17373e-012,1.17373e-012
1309.39236,1.969e-012,1.969e-012
1309.39996,3.86337e-012,3.86337e-012
1309.40755,3.91063e-012,3.91063e-012
1309.41515,4.65448e-012,4.65448e-012
1309.42274,3.17348e-012,3.17348e-012
1309.43034,3.82693e-012,3.82693e-012
1309.43793,3.74098e-012,3.74098e-012
1309.44553,2.39345e-012,2.39345e-012
1309.45313,6.92034e-013,6.92034e-013
1309.46072,7.4434e-013,7.4434e-013
1309.46832,1.46806e-012,1.46806e-012
1309.47591,2.08523e-012,2.08523e-012
1309.48351,3.16125e-012,3.16125e-012
1309.4911,5.24491e-012,5.24491e-012
1309.4987,5.23052e-012,5.23052e-012
1309.50629,4.08586e-012,4.08586e-012
1309.51389,2.88382e-012,2.88382e-012
1309.52148,2.16714e-012,2.16714e-012
1309.52908,1.58219e-012,1.58219e-012
1309.53668,2.50523e-012,2.50523e-012
1309.54427,1.33147e-012,1.33147e-012
1309.55187,1.69879e-012,1.69879e-012
1309.55946,2.34212e-012,2.34212e-012
1309.56706,2.59291e-012,2.59291e-012
1309.57465,2.48532e-012,2.48532e-012
1309.58225,2.4379e-012,2.4379e-012
1309.58984,3.07621e-012,3.07621e-012
1309.59744,2.94566e-012,2.94566e-012
1309.60503,1.58133e-012,1.58133e-012
1309.61263,1.86169e-012,1.86169e-012
1309.62023,1.28457e-012,1.28457e-012
1309.62782,7.75993e-013,7.75993e-013
1309.63542,1.5313e-012,1.5313e-012
1309.64301,3.00791e-012,3.00791e-012
1309.65061,3.65692e-012,3.65692e-012
1309.6582,1.86373e-012,1.86373e-012
1309.6658,2.91116e-012,2.91116e-012
1309.67339,1.62533e-012,1.62533e-012
1309.68099,1.84895e-012,1.84895e-012
1309.68859,4.94116e-012,4.94116e-012
1309.69618,3.41367e-012,3.41367e-012
1309.70378,5.12364e-012,5.12364e-012
1309.71137,4.86437e-012,4.86437e-012
1309.71897,1.68308e-012,1.68308e-012
1309.72656,1.95608e-012,1.95608e-012
1309.73416,2.78511e-012,2.78511e-012
1309.74175,2.79597e-012,2.79597e-012
1309.74935,1.23476e-012,1.23476e-012
1309.75694,3.25788e-012,3.25788e-012
1309.76454,2.67736e-012,2.67736e-012
1309.77214,1.58972e-012,1.58972e-012
1309.77973,2.8527e-012,2.8527e-012
1309.78733,2.64898e-012,2.64898e-012
1309.79492,3.3178e-012,3.3178e-012
1309.80252,4.2166e-012,4.2166e-012
1309.81011,4.25098e-012,4.25098e-012
1309.81771,3.49288e-012,3.49288e-012
1309.8253,2.77251e-012,2.77251e-012
1309.8329,2.88412e-012,2.88412e-012
1309.84049,3.55105e-012,3.55105e-012
1309.84809,5.05913e-012,5.05913e-012
1309.85569,4.40123e-012,4.40123e-012
1309.86328,2.61191e-012,2.61191e-012
1309.87088,5.9758e-013,5.9758e-013
1309.87847,1.54578e-012,1.54578e-012
1309.88607,2.60142e-012,2.60142e-012
1309.89366,3.229e-012,3.229e-012
1309.90126,3.75611e-012,3.75611e-012
1309.90885,2.781e-012,2.781e-012
1309.91645,2.03215e-012,2.03215e-012
1309.92405,1.78622e-012,1.78622e-012
1309.93164,1.776e-012,1.776e-012
1309.93924,2.10649e-012,2.10649e-012
1309.94683,3.10817e-012,3.10817e-012
1309.95443,2.70435e-012,2.70435e-012
1309.96202,2.91502e-012,2.91502e-012
1309.96962,2.05166e-012,2.05166e-012
1309.97721,1.68065e-012,1.68065e-012
1309.98481,1.80394e-012,1.80394e-012
1309.9924,1.68993e-012,1.68993e-012
1310,1.92007e-012,1.92007e-012
1310.0076,3.26113e-012,3.26113e-012
1310.01519,2.60164e-012,2.60164e-012
1310.02279,4.33213e-012,4.33213e-012
1310.03038,4.20144e-012,4.20144e-012
1310.03798,2.21547e-012,2.21547e-012
1310.04557,2.42041e-012,2.42041e-012
1310.05317,4.03105e-012,4.03105e-012
1310.06076,3.65979e-012,3.65979e-012
1310.06836,2.60749e-012,2.60749e-012
1310.07595,2.38548e-012,2.38548e-012
1310.08355,2.87765e-012,2.87765e-012
1310.09115,3.17199e-012,3.17199e-012
1310.09874,3.68978e-012,3.68978e-012
1310.10634,4.7331e-012,4.7331e-012
1310.11393,2.95833e-012,2.95833e-012
1310.12153,2.19928e-012,2.19928e-012
1310.12912,2.33043e-012,2.33043e-012
1310.13672,1.2104e-012,1.2104e-012
1310.14431,1.2208e-012,1.2208e-012
1310.15191,3.36988e-012,3.36988e-012
1310.15951,4.18927e-012,4.18927e-012
1310.1671,4.29835e-012,4.29835e-012
1310.1747,4.43804e-012,4.43804e-012
1310.18229,4.07804e-012,4.07804e-012
1310.18989,2.05501e-012,2.05501e-012
1310.19748,2.77375e-012,2.77375e-012
1310.20508,6.03393e-012,6.03393e-012
1310.21267,3.54236e-012,3.54236e-012
1310.22027,2.62335e-012,2.62335e-012
1310.22786,3.65342e-012,3.65342e-012
1310.23546,3.35539e-012,3.35539e-012
1310.24306,2.126e-012,2.126e-012
1310.25065,1.58349e-012,1.58349e-012
1310.25825,2.07224e-012,2.07224e-012
1310.26584,2.98395e-012,2.98395e-012
1310.27344,2.23585e-012,2.23585e-012
1310.28103,1.37778e-012,1.37778e-012
1310.28863,2.64408e-012,2.64408e-012
1310.29622,2.2487e-012,2.2487e-012
1310.30382,2.1364e-012,2.1364e-012
1310.31141,2.37659e-012,2.37659e-012
1310.31901,2.56019e-012,2.56019e-012
1310.32661,1.8509e-012,1.8509e-012
1310.3342,1.60652e-012,1.60652e-012
1310.3418,2.02327e-012,2.02327e-012
1310.34939,2.93819e-012,2.93819e-012
1310.35699,3.5814e-012,3.5814e-012
1310.36458,3.58744e-012,3.58744e-012
1310.37218,2.30595e-012,2.30595e-012
1310.37977,3.19972e-012,3.19972e-012
1310.38737,4.35266e-012,4.35266e-012
1310.39497,3.17242e-012,3.17242e-012
1310.40256,3.19801e-012,3.19801e-012
1310.41016,1.55102e-012,1.55102e-012
1310.41775,3.09821e-012,3.09821e-012
1310.42535,3.1822e-012,3.1822e-012
1310.43294,2.42396e-012,2.42396e-012
1310.44054,1.91701e-012,1.91701e-012
1310.44813,1.60005e-012,1.60005e-012
1310.45573,1.79716e-012,1.79716e-012
1310.46332,2.1011e-012,2.1011e-012
1310.47092,2.95264e-012,2.95264e-012
1310.47852,2.25057e-012,2.25057e-012
1310.48611,1.88992e-012,1.88992e-012
1310.49371,1.4903e-012,1.4903e-012
1310.5013,3.11415e-012,3.11415e-012
1310.5089,3.85972e-012,3.85972e-012
1310.51649,3.93668e-012,3.93668e-012
1310.52409,2.44639e-012,2.44639e-012
1310.53168,3.96489e-012,3.96489e-012
1310.53928,3.99349e-012,3.99349e-012
1310.54687,3.60373e-012,3.60373e-012
1310.55447,4.52076e-012,4.52076e-012
1310.56207,2.48265e-012,2.48265e-012
1310.56966,1.46943e-012,1.46943e-012
1310.57726,2.40775e-012,2.40775e-012
1310.58485,3.51363e-012,3.51363e-012
1310.59245,2.93038e-012,2.93038e-012
1310.60004,4.28772e-012,4.28772e-012
1310.60764,4.0127e-012,4.0127e-012
1310.61523,4.28525e-012,4.28525e-012
1310.62283,3.81415e-012,3.81415e-012
1310.63043,3.02762e-012,3.02762e-012
1310.63802,2.14038e-012,2.14038e-012
1310.64562,1.97004e-012,1.97004e-012
1310.65321,2.95401e-012,2.95401e-012
1310.66081,5.82373e-012,5.82373e-012
1310.6684,6.61009e-012,6.61009e-012
1310.676,3.35503e-012,3.35503e-012
1310.68359,4.18128e-012,4.18128e-012
1310.69119,3.52138e-012,3.52138e-012
1310.69878,2.81882e-012,2.81882e-012
1310.70638,2.26662e-012,2.26662e-012
1310.71398,2.66951e-012,2.66951e-012
1310.72157,1.40478e-012,1.40478e-012
1310.72917,3.18169e-012,3.18169e-012
1310.73676,2.94269e-012,2.94269e-012
1310.74436,4.09661e-012,4.09661e-012
1310.75195,5.37494e-012,5.37494e-012
1310.75955,3.94175e-012,3.94175e-012
1310.76714,3.064e-012,3.064e-012
1310.77474,1.78595e-012,1.78595e-012
1310.78234,9.91255e-013,9.91255e-013
1310.78993,2.28386e-012,2.28386e-012
1310.79753,2.47467e-012,2.47467e-012
1310.80512,4.51619e-012,4.51619e-012
1310.81272,3.77788e-012,3.77788e-012
1310.82031,2.87273e-012,2.87273e-012
1310.82791,4.43362e-012,4.43362e-012
1310.8355,3.6922e-012,3.6922e-012
1310.8431,2.16165e-012,2.16165e-012
1310.85069,9.15372e-013,9.15372e-013
1310.85829,8.2591e-013,8.2591e-013
1310.86589,1.76725e-012,1.76725e-012
1310.87348,4.08167e-012,4.08167e-012
1310.88108,4.46054e-012,4.46054e-012
1310.88867,4.19516e-012,4.19516e-012
1310.89627,2.12453e-012,2.12453e-012
1310.90386,4.67521e-012,4.67521e-012
1310.91146,4.8805e-012,4.8805e-012
1310.91905,5.31124e-012,5.31124e-012
1310.92665,1.74076e-012,1.74076e-012
1310.93424,1.00328e-012,1.00328e-012
1310.94184,1.24981e-012,1.24981e-012
1310.94944,5.76198e-013,5.76198e-013
1310.95703,1.82633e-012,1.82633e-012
1310.96463,1.94693e-012,1.94693e-012
1310.97222,3.44683e-012,3.44683e-012
1310.97982,3.11176e-012,3.11176e-012
1310.98741,2.21206e-012,2.21206e-012
1310.99501,4.81e-013,4.81e-013
1311.0026,2.23758e-012,2.23758e-012
1311.0102,1.37617e-012,1.37617e-012
1311.0178,2.76705e-012,2.76705e-012
1311.02539,3.08931e-012,3.08931e-012
1311.03299,2.35549e-012,2.35549e-012
1311.04058,1.79589e-012,1.79589e-012
1311.04818,3.81138e-012,3.81138e-012
1311.05577,4.18853e-012,4.18853e-012
1311.06337,2.45358e-012,2.45358e-012
1311.07096,3.46905e-012,3.46905e-012
1311.07856,3.17433e-012,3.17433e-012
1311.08615,4.75821e-012,4.75821e-012
1311.09375,4.16701e-012,4.16701e-012
1311.10135,3.40325e-012,3.40325e-012
1311.10894,4.48025e-012,4.48025e-012
1311.11654,3.27991e-012,3.27991e-012
1311.12413,3.04323e-012,3.04323e-012
1311.13173,2.6486e-012,2.6486e-012
1311.13932,1.91593e-012,1.91593e-012
1311.14692,1.78909e-012,1.78909e-012
1311.15451,1.13238e-012,1.13238e-012
1311.16211,1.59466e-012,1.59466e-012
1311.1697,4.25444e-012,4.25444e-012
1311.1773,5.28442e-012,5.28442e-012
1311.1849,4.83713e-012,4.83713e-012
1311.19249,4.35298e-012,4.35298e-012
1311.20009,5.10148e-012,5.10148e-012
1311.20768,5.5657e-012,5.5657e-012
1311.21528,3.61009e-012,3.61009e-012
1311.22287,2.59775e-012,2.59775e-012
1311.23047,1.89054e-012,1.89054e-012
1311.23806,1.58815e-012,1.58815e-012
1311.24566,1.85412e-012,1.85412e-012
1311.25326,3.13192e-012,3.13192e-012
1311.26085,2.6986e-012,2.6986e-012
1311.26845,2.59248e-012,2.59248e-012
1311.27604,1.38404e-012,1.38404e-012
1311.28364,1.17673e-012,1.17673e-012
1311.29123,2.60489e-012,2.60489e-012
1311.29883,3.37789e-012,3.37789e-012
1311.30642,4.03127e-012,4.03127e-012
1311.31402,3.31451e-012,3.31451e-012
1311.32161,3.41943e-012,3.41943e-012
1311.32921,2.41835e-012,2.41835e-012
1311.33681,2.62716e-012,2.62716e-012
1311.3444,1.51203e-012,1.51203e-012
1311.352,1.56948e-012,1.56948e-012
1311.35959,2.48487e-012,2.48487e-012
1311.36719,4.07805e-012,4.07805e-012
1311.37478,4.00305e-012,4.00305e-012
1311.38238,2.68163e-012,2.68163e-012
1311.38997,1.00531e-012,1.00531e-012
1311.39757,1.43005e-012,1.43005e-012
1311.40516,3.60073e-012,3.60073e-012
1311.41276,3.20373e-012,3.20373e-012
1311.42036,4.54045e-012,4.54045e-012
1311.42795,3.80351e-012,3.80351e-012
1311.43555,1.68443e-012,1.68443e-012
1311.44314,1.51571e-012,1.51571e-012
1311.45074,2.35441e-012,2.35441e-012
1311.45833,9.83633e-013,9.83633e-013
1311.46593,1.57848e-012,1.57848e-012
1311.47352,1.8317e-012,1.8317e-012
1311.48112,6.08491e-013,6.08491e-013
1311.48872,1.99732e-012,1.99732e-012
1311.49631,1.83491e-012,1.83491e-012
1311.50391,3.59064e-012,3.59064e-012
1311.5115,4.4049e-012,4.4049e-012
1311.5191,3.88371e-012,3.88371e-012
1311.52669,3.81125e-012,3.81125e-012
1311.53429,2.19862e-012,2.19862e-012
1311.54188,2.12126e-012,2.12126e-012
1311.54948,1.75996e-012,1.75996e-012
1311.55707,3.00913e-012,3.00913e-012
1311.56467,2.87862e-012,2.87862e-012
1311.57227,2.33634e-012,2.33634e-012
1311.57986,1.94191e-012,1.94191e-012
1311.58746,1.95161e-012,1.95161e-012
1311.59505,1.76823e-012,1.76823e-012
1311.60265,2.06626e-012,2.06626e-012
1311.61024,3.03355e-012,3.03355e-012
1311.61784,5.34047e-012,5.34047e-012
1311.62543,3.28366e-012,3.28366e-012
1311.63303,1.57261e-012,1.57261e-012
1311.64062,2.56378e-012,2.56378e-012
1311.64822,6.42158e-012,6.42158e-012
1311.65582,5.46839e-012,5.46839e-012
1311.66341,5.18356e-012,5.18356e-012
